frame_number,nose_x,nose_y,nose_z,left_eye_inner_x,left_eye_inner_y,left_eye_inner_z,left_eye_x,left_eye_y,left_eye_z,left_eye_outer_x,left_eye_outer_y,left_eye_outer_z,right_eye_inner_x,right_eye_inner_y,right_eye_inner_z,right_eye_x,right_eye_y,right_eye_z,right_eye_outer_x,right_eye_outer_y,right_eye_outer_z,left_ear_x,left_ear_y,left_ear_z,right_ear_x,right_ear_y,right_ear_z,mouth_left_x,mouth_left_y,mouth_left_z,mouth_right_x,mouth_right_y,mouth_right_z,left_shoulder_x,left_shoulder_y,left_shoulder_z,right_shoulder_x,right_shoulder_y,right_shoulder_z,left_elbow_x,left_elbow_y,left_elbow_z,right_elbow_x,right_elbow_y,right_elbow_z,left_wrist_x,left_wrist_y,left_wrist_z,right_wrist_x,right_wrist_y,right_wrist_z,left_pinky_x,left_pinky_y,left_pinky_z,right_pinky_x,right_pinky_y,right_pinky_z,left_index_x,left_index_y,left_index_z,right_index_x,right_index_y,right_index_z,left_thumb_x,left_thumb_y,left_thumb_z,right_thumb_x,right_thumb_y,right_thumb_z,left_hip_x,left_hip_y,left_hip_z,right_hip_x,right_hip_y,right_hip_z,left_knee_x,left_knee_y,left_knee_z,right_knee_x,right_knee_y,right_knee_z,left_ankle_x,left_ankle_y,left_ankle_z,right_ankle_x,right_ankle_y,right_ankle_z,left_heel_x,left_heel_y,left_heel_z,right_heel_x,right_heel_y,right_heel_z,left_foot_index_x,left_foot_index_y,left_foot_index_z,right_foot_index_x,right_foot_index_y,right_foot_index_z
0,0.5287294387817383,0.3770448863506317,-1.080808401107788,0.5593745112419128,0.32570844888687134,-1.011323094367981,0.581382155418396,0.3274340033531189,-1.0114295482635498,0.599895179271698,0.3286934792995453,-1.0115325450897217,0.49527707695961,0.3210892975330353,-1.023315191268921,0.47675737738609314,0.31967511773109436,-1.0229427814483643,0.45963534712791443,0.3185183107852936,-1.0233170986175537,0.6176677942276001,0.3599530756473541,-0.586102306842804,0.4319242835044861,0.35293906927108765,-0.6244365572929382,0.5715385675430298,0.46324509382247925,-0.9239574670791626,0.4944829046726227,0.45599207282066345,-0.9339167475700378,0.7380934357643127,0.7935169339179993,-0.3244972825050354,0.29279106855392456,0.7721711993217468,-0.4185124337673187,0.8094239234924316,1.2372578382492065,-0.22191600501537323,0.19742020964622498,1.2143856287002563,-0.25928229093551636,0.8260836601257324,1.5607342720031738,-0.5402473211288452,0.2104175090789795,1.574918508529663,-0.5281394124031067,0.8571168780326843,1.6744309663772583,-0.6283401250839233,0.18776515126228333,1.6942487955093384,-0.6529514193534851,0.8122900128364563,1.6840068101882935,-0.6963605284690857,0.2329493761062622,1.6898159980773926,-0.7623935341835022,0.7944050431251526,1.6356393098831177,-0.5856466889381409,0.24784334003925323,1.6483280658721924,-0.5823814868927002,0.6660094857215881,1.5588239431381226,-0.06021864339709282,0.368179589509964,1.5504229068756104,0.06481793522834778,0.6362428665161133,2.15539288520813,0.17221541702747345,0.36287325620651245,2.1470744609832764,0.27898409962654114,0.6137519478797913,2.672072172164917,1.028796672821045,0.35894760489463806,2.6518144607543945,0.9367078542709351,0.6164108514785767,2.7700860500335693,1.083606243133545,0.3530349135398865,2.74231219291687,0.9862966537475586,0.5705305337905884,2.847120761871338,0.5181273221969604,0.41011857986450195,2.835909843444824,0.3799740970134735
1,0.5145928859710693,0.39761435985565186,-1.3024739027023315,0.5456756949424744,0.3471812903881073,-1.1944968700408936,0.5665057897567749,0.3486067056655884,-1.1949723958969116,0.583116888999939,0.3513410985469818,-1.194557785987854,0.48278680443763733,0.3459838032722473,-1.2316752672195435,0.46316903829574585,0.3464873135089874,-1.2311453819274902,0.44731640815734863,0.34805724024772644,-1.2317297458648682,0.6036497354507446,0.3928340673446655,-0.6846941709518433,0.42304056882858276,0.3843100368976593,-0.7577964067459106,0.5542861223220825,0.4749326705932617,-1.0898269414901733,0.47364115715026855,0.4675460159778595,-1.1290218830108643,0.7233138680458069,0.776440441608429,-0.3003597557544708,0.280223548412323,0.7724788784980774,-0.485048770904541,0.8326030969619751,1.1963372230529785,-0.18907469511032104,0.1844257414340973,1.1912341117858887,-0.3626995086669922,0.8421781659126282,1.5567985773086548,-0.583537220954895,0.19440957903862,1.5645257234573364,-0.8800395131111145,0.8661001324653625,1.6729466915130615,-0.6015819311141968,0.17168903350830078,1.683713436126709,-1.0475348234176636,0.8328551054000854,1.6699308156967163,-0.8131046295166016,0.21581491827964783,1.6846387386322021,-1.1672005653381348,0.8101313710212708,1.6264253854751587,-0.5730057954788208,0.2360074818134308,1.641738772392273,-0.9486729502677917,0.6591810584068298,1.5796313285827637,-0.023190466687083244,0.35197678208351135,1.5858584642410278,0.02812284789979458,0.64493328332901,2.2748026847839355,-0.12983764708042145,0.36237114667892456,2.266159772872925,-0.17353461682796478,0.6501907110214233,2.89377760887146,0.4762140214443207,0.3767854571342468,2.8871958255767822,0.23856016993522644,0.6551982164382935,2.992276668548584,0.4911138117313385,0.37558987736701965,2.9852421283721924,0.2502574324607849,0.6071154475212097,3.0710906982421875,-0.22750170528888702,0.4182681143283844,3.0588009357452393,-0.5218857526779175
2,0.5015902519226074,0.39568033814430237,-1.2902143001556396,0.5345163345336914,0.3459627330303192,-1.1944324970245361,0.5530146956443787,0.34936511516571045,-1.1948835849761963,0.5672202706336975,0.35168230533599854,-1.1946572065353394,0.47419053316116333,0.342605859041214,-1.220456600189209,0.453413188457489,0.3420459032058716,-1.2202223539352417,0.43469366431236267,0.34333541989326477,-1.220801591873169,0.5956690311431885,0.39589059352874756,-0.6931352019309998,0.41586703062057495,0.38132649660110474,-0.744359016418457,0.5414772033691406,0.4736253321170807,-1.0889164209365845,0.4643871784210205,0.4670109152793884,-1.1111400127410889,0.7295948266983032,0.7730938792228699,-0.33651942014694214,0.29178524017333984,0.7678929567337036,-0.46537700295448303,0.8354549407958984,1.1910719871520996,-0.25216859579086304,0.1907838135957718,1.144160509109497,-0.32193222641944885,0.8523753881454468,1.5414886474609375,-0.7625794410705566,0.18652281165122986,1.5375601053237915,-0.845478355884552,0.8794752359390259,1.6579604148864746,-0.9121969938278198,0.15985897183418274,1.660712718963623,-1.0126529932022095,0.8427978754043579,1.6513938903808594,-1.0291789770126343,0.2043706178665161,1.6679776906967163,-1.141473412513733,0.8194457292556763,1.6059691905975342,-0.8357014656066895,0.22639164328575134,1.619863748550415,-0.9187467694282532,0.6538121700286865,1.557905673980713,-0.03060552105307579,0.3464251160621643,1.559294581413269,0.035357698798179626,0.6317772269248962,2.240352153778076,-0.13056600093841553,0.34307119250297546,2.2279274463653564,-0.1431247889995575,0.6248220801353455,2.8598954677581787,0.4705859124660492,0.3492293953895569,2.843299627304077,0.2733730673789978,0.6279393434524536,2.9596199989318848,0.48461174964904785,0.3497355580329895,2.9410619735717773,0.28646963834762573,0.578628420829773,3.0370631217956543,-0.23274795711040497,0.39204949140548706,3.014822244644165,-0.4789995551109314
3,0.5045958161354065,0.39632341265678406,-1.2617682218551636,0.534483015537262,0.3461437225341797,-1.1710402965545654,0.5521969795227051,0.3494955897331238,-1.1715821027755737,0.5672236680984497,0.3517511188983917,-1.171535849571228,0.47456878423690796,0.34238892793655396,-1.1895768642425537,0.45501166582107544,0.3418796956539154,-1.189185619354248,0.4361744821071625,0.34236082434654236,-1.1898837089538574,0.5962581634521484,0.3969417214393616,-0.6728828549385071,0.41560643911361694,0.3819469213485718,-0.7281445860862732,0.5438847541809082,0.4734138250350952,-1.0712977647781372,0.46761345863342285,0.46709775924682617,-1.094922661781311,0.7363963723182678,0.7713093161582947,-0.32537826895713806,0.29392725229263306,0.7681645750999451,-0.4524485170841217,0.8483152389526367,1.1884174346923828,-0.2707701027393341,0.18735778331756592,1.1681410074234009,-0.317557156085968,0.8773742914199829,1.5328848361968994,-0.789757251739502,0.1814916431903839,1.5375014543533325,-0.8496906161308289,0.9087532162666321,1.645923137664795,-0.9394111633300781,0.15527082979679108,1.6604112386703491,-1.018957495689392,0.8720380067825317,1.6412017345428467,-1.0502934455871582,0.1994834989309311,1.6660922765731812,-1.1481331586837769,0.8466529846191406,1.596920132637024,-0.8623422384262085,0.22114841639995575,1.617400050163269,-0.9243304133415222,0.664359450340271,1.5656801462173462,-0.03278452903032303,0.35714641213417053,1.568888545036316,0.037607330828905106,0.6449020504951477,2.2411320209503174,-0.14632929861545563,0.358545184135437,2.2294561862945557,-0.18343596160411835,0.6427499055862427,2.8535923957824707,0.4453832507133484,0.3654608130455017,2.8411316871643066,0.2281876802444458,0.6471332311630249,2.9539411067962646,0.45831164717674255,0.3653388023376465,2.940868377685547,0.24061289429664612,0.596825897693634,3.0292131900787354,-0.2556130290031433,0.41035184264183044,3.0105631351470947,-0.5208274126052856
4,0.5058601498603821,0.39639919996261597,-1.2356494665145874,0.5364495515823364,0.3460712730884552,-1.142382264137268,0.5539332032203674,0.3494199812412262,-1.1427700519561768,0.5688826441764832,0.35138389468193054,-1.1424003839492798,0.47571229934692383,0.34185245633125305,-1.1589248180389404,0.4554240107536316,0.3413738012313843,-1.1587032079696655,0.43617597222328186,0.34205934405326843,-1.1593116521835327,0.5983868837356567,0.3965758979320526,-0.597866415977478,0.41490596532821655,0.38260242342948914,-0.664807915687561,0.5457256436347961,0.47328096628189087,-1.036598801612854,0.4689319133758545,0.467666357755661,-1.0586092472076416,0.7413300275802612,0.7660185694694519,-0.2623150646686554,0.29183828830718994,0.7674357295036316,-0.44882646203041077,0.8748767971992493,1.2036675214767456,-0.8247650265693665,0.19550195336341858,1.18463134765625,-0.8972951769828796,0.6958550214767456,1.0396925210952759,-1.8156213760375977,0.4214596748352051,1.1622357368469238,-1.7840158939361572,0.6602331399917603,0.9981478452682495,-2.009114980697632,0.4635823369026184,1.1411893367767334,-1.980103850364685,0.6159964799880981,0.9483082294464111,-1.9485594034194946,0.49191588163375854,1.0258210897445679,-1.9338963031768799,0.6254712343215942,0.9492108821868896,-1.8185237646102905,0.4722278118133545,1.0201687812805176,-1.78605055809021,0.6680035591125488,1.5736415386199951,-0.02015155926346779,0.350818008184433,1.5792969465255737,0.02512858808040619,0.6531015038490295,2.2448232173919678,-0.13019725680351257,0.3527604937553406,2.2241461277008057,-0.18644244968891144,0.6639159917831421,2.8337295055389404,0.47498950362205505,0.37726515531539917,2.811812162399292,0.1852739453315735,0.6700701713562012,2.9266364574432373,0.4896377921104431,0.37701117992401123,2.903140068054199,0.19714781641960144,0.6235076189041138,3.0132174491882324,-0.19968867301940918,0.4251694679260254,2.991276502609253,-0.5259102582931519
5,0.5082029104232788,0.400293231010437,-1.139904499053955,0.5375295877456665,0.3481346070766449,-1.0478469133377075,0.5542353987693787,0.35083019733428955,-1.0481774806976318,0.5704159736633301,0.35293251276016235,-1.0477181673049927,0.47703951597213745,0.3444291651248932,-1.0639407634735107,0.4568607211112976,0.3440633714199066,-1.0636411905288696,0.43774518370628357,0.34381335973739624,-1.064129114151001,0.6000006198883057,0.3971937596797943,-0.5041926503181458,0.4143771231174469,0.3816004693508148,-0.5727174282073975,0.545735239982605,0.47545507550239563,-0.937364399433136,0.4684848189353943,0.4708270728588104,-0.9591704607009888,0.7330337762832642,0.7541558742523193,-0.18674349784851074,0.2940371632575989,0.765057384967804,-0.34327179193496704,0.8550025820732117,1.208726406097412,-0.7809177041053772,0.19889360666275024,1.1780428886413574,-0.8070133924484253,0.6821854710578918,0.9857174754142761,-1.785617470741272,0.40272846817970276,1.1137443780899048,-1.7554155588150024,0.6162449717521667,0.9313374757766724,-1.994049310684204,0.44533103704452515,1.1334800720214844,-1.9600772857666016,0.6000908613204956,0.8849307298660278,-1.9406063556671143,0.5039273500442505,0.9590678811073303,-1.9413068294525146,0.611466109752655,0.8896926641464233,-1.7940797805786133,0.4680234491825104,1.059502124786377,-1.7733371257781982,0.6554991006851196,1.5593904256820679,-0.011666174046695232,0.3451277017593384,1.5679240226745605,0.016902852803468704,0.650772213935852,2.23451828956604,-0.07664795219898224,0.35179808735847473,2.214881181716919,-0.1774096041917801,0.6669430732727051,2.8220512866973877,0.49246931076049805,0.3803907632827759,2.805492877960205,0.20188632607460022,0.6733995676040649,2.9120724201202393,0.5091016888618469,0.3789059817790985,2.896637439727783,0.2150983363389969,0.6286009550094604,3.003697633743286,-0.17696025967597961,0.43002933263778687,2.9815919399261475,-0.5186368227005005
6,0.5069881677627563,0.40038955211639404,-1.2133216857910156,0.5360580682754517,0.3478004038333893,-1.1254675388336182,0.5526086688041687,0.3502938151359558,-1.1258196830749512,0.5682322382926941,0.35224780440330505,-1.1252855062484741,0.47578057646751404,0.344900518655777,-1.1363531351089478,0.4553326666355133,0.34485623240470886,-1.1359091997146606,0.43621453642845154,0.3445429503917694,-1.1365529298782349,0.5990661382675171,0.395891934633255,-0.5996918678283691,0.41506290435791016,0.3814505636692047,-0.6438976526260376,0.5457265377044678,0.4753929376602173,-1.0213346481323242,0.4680179953575134,0.47133705019950867,-1.0349361896514893,0.727782130241394,0.751262903213501,-0.2749731242656708,0.29653334617614746,0.7643700838088989,-0.3395683169364929,0.8536518812179565,1.1886317729949951,-0.9002237319946289,0.197042778134346,1.176884412765503,-0.5295596718788147,0.7110241055488586,0.9956353902816772,-1.9732669591903687,0.2398865669965744,1.4787756204605103,-1.1996252536773682,0.6218589544296265,0.880831778049469,-2.202544927597046,0.22482848167419434,1.610750436782837,-1.3653918504714966,0.6019212007522583,0.8270425200462341,-2.164911985397339,0.27170366048812866,1.5788931846618652,-1.4654370546340942,0.6099933385848999,0.8417990207672119,-1.9938160181045532,0.2862789034843445,1.5387370586395264,-1.2602927684783936,0.6590558290481567,1.557904601097107,-0.01443212665617466,0.3471197187900543,1.5643901824951172,0.02011500671505928,0.6474928855895996,2.2422308921813965,-0.0579414963722229,0.35683301091194153,2.2205545902252197,-0.18936650454998016,0.6600332260131836,2.8380424976348877,0.5134451985359192,0.3814181089401245,2.815230369567871,0.2276712954044342,0.6663085222244263,2.9301600456237793,0.5306402444839478,0.37873464822769165,2.9064974784851074,0.24440300464630127,0.6159076690673828,3.0241708755493164,-0.16158020496368408,0.43604010343551636,2.9981393814086914,-0.5028493404388428
7,0.5084627866744995,0.40061140060424805,-1.3863557577133179,0.5376542806625366,0.3477385640144348,-1.309798240661621,0.554154098033905,0.3503446877002716,-1.3100216388702393,0.5694891214370728,0.35241562128067017,-1.30959153175354,0.4772157669067383,0.3445640206336975,-1.3150674104690552,0.45627155900001526,0.34449878334999084,-1.3146804571151733,0.4366777837276459,0.3442401587963104,-1.31539785861969,0.5991612672805786,0.3951263725757599,-0.7977795600891113,0.41499558091163635,0.38109341263771057,-0.8163777589797974,0.5454567670822144,0.475482314825058,-1.1945439577102661,0.46903085708618164,0.4716850221157074,-1.2007187604904175,0.7271561026573181,0.7507236003875732,-0.428162157535553,0.294715940952301,0.7634808421134949,-0.45216354727745056,0.8558082580566406,1.185302495956421,-0.97974693775177,0.1946316808462143,1.1784781217575073,-0.4374876916408539,0.7202680110931396,0.9582285284996033,-1.9957482814788818,0.20404157042503357,1.5306979417800903,-0.9698087573051453,0.6695290803909302,0.9007024168968201,-2.2059028148651123,0.18231984972953796,1.6627625226974487,-1.1032625436782837,0.6232997179031372,0.7606909275054932,-2.156403064727783,0.22269007563591003,1.639041781425476,-1.2064286470413208,0.6285907626152039,0.7999348044395447,-2.008927822113037,0.2435922920703888,1.5943760871887207,-1.0270355939865112,0.6628110408782959,1.5596251487731934,-0.026955202221870422,0.3486919701099396,1.5632797479629517,0.03258580341935158,0.6506380438804626,2.2498977184295654,-0.061410509049892426,0.3584757149219513,2.2235360145568848,-0.21749410033226013,0.661795973777771,2.8461673259735107,0.5187405943870544,0.381536066532135,2.819071054458618,0.23239950835704803,0.6680070161819458,2.9379312992095947,0.5374389290809631,0.3795427083969116,2.911013603210449,0.25234031677246094,0.6155298352241516,3.0381104946136475,-0.1607416570186615,0.43677544593811035,3.0053675174713135,-0.5042715668678284
8,0.5080331563949585,0.40137040615081787,-1.3866791725158691,0.5365254282951355,0.3479022681713104,-1.3378479480743408,0.5534404516220093,0.3505628705024719,-1.3370096683502197,0.5683134198188782,0.35268184542655945,-1.3358604907989502,0.476571649312973,0.3445535898208618,-1.3109769821166992,0.4552467465400696,0.344357430934906,-1.3095076084136963,0.4355081617832184,0.3440675139427185,-1.3097559213638306,0.5971637964248657,0.3942960202693939,-0.7687870860099792,0.4134017527103424,0.380694180727005,-0.8230193853378296,0.5456277132034302,0.4757252037525177,-1.211303472518921,0.4701877236366272,0.4721221327781677,-1.2012670040130615,0.7277960181236267,0.7363957762718201,-0.4451352655887604,0.29381832480430603,0.7612128853797913,-0.3981316089630127,0.8344210386276245,1.1833856105804443,-1.054349660873413,0.19885152578353882,1.1826835870742798,-0.3694099187850952,0.6569361686706543,0.7655343413352966,-1.9048011302947998,0.20547381043434143,1.541835069656372,-0.960349440574646,0.6024035215377808,0.6499556303024292,-2.0969860553741455,0.17869681119918823,1.6712970733642578,-1.088078498840332,0.5998445749282837,0.6042479276657104,-2.0140745639801025,0.22015127539634705,1.6484401226043701,-1.1782947778701782,0.6037888526916504,0.6627065539360046,-1.8984735012054443,0.24133911728858948,1.6027300357818604,-1.018041729927063,0.6669548153877258,1.5584042072296143,-0.04892278462648392,0.35156965255737305,1.5619531869888306,0.054505277425050735,0.6570271849632263,2.2500360012054443,-0.07873169332742691,0.3618088662624359,2.2214505672454834,-0.21380285918712616,0.6644162535667419,2.8470427989959717,0.48185569047927856,0.38538867235183716,2.8213446140289307,0.2059129923582077,0.6744507551193237,2.9392735958099365,0.4956111013889313,0.38393667340278625,2.914243221282959,0.22415082156658173,0.6184908747673035,3.038367748260498,-0.21453627943992615,0.44418448209762573,3.007838010787964,-0.5269294381141663
9,0.5109264254570007,0.40037205815315247,-1.2466495037078857,0.5366454720497131,0.34743577241897583,-1.1715104579925537,0.5535498857498169,0.3500821888446808,-1.171459674835205,0.5681887269020081,0.3520444929599762,-1.1708390712738037,0.47779831290245056,0.344293475151062,-1.1706880331039429,0.4569234251976013,0.34414008259773254,-1.169891357421875,0.4373807907104492,0.34382131695747375,-1.170422911643982,0.597680926322937,0.3931470215320587,-0.678229570388794,0.41477975249290466,0.3810996413230896,-0.6902258992195129,0.5498084425926208,0.4743022620677948,-1.0662355422973633,0.47392600774765015,0.47099363803863525,-1.068349838256836,0.732072114944458,0.7314329743385315,-0.4347435534000397,0.29557251930236816,0.7598520517349243,-0.35684043169021606,0.8288121223449707,1.1891711950302124,-1.037466049194336,0.20255136489868164,1.1933937072753906,-0.3765011429786682,0.651604950428009,0.7244917154312134,-1.8402656316757202,0.21955661475658417,1.552809238433838,-0.9599794149398804,0.600452184677124,0.5994619131088257,-2.0285115242004395,0.19458335638046265,1.6793409585952759,-1.0835829973220825,0.598559558391571,0.5588529706001282,-1.986400842666626,0.23430860042572021,1.6593024730682373,-1.170043706893921,0.6018491983413696,0.6167252659797668,-1.835030198097229,0.2539990246295929,1.6146457195281982,-1.017762303352356,0.6696995496749878,1.5614111423492432,-0.052560389041900635,0.35494551062583923,1.566668152809143,0.05814816802740097,0.6638485193252563,2.2582857608795166,-0.08064325153827667,0.3684674799442291,2.2232117652893066,-0.22004806995391846,0.6782344579696655,2.860668659210205,0.48330157995224,0.3957454562187195,2.830120801925659,0.20026931166648865,0.6909294128417969,2.955463409423828,0.4980343282222748,0.394225537776947,2.9284539222717285,0.21860714256763458,0.6311907768249512,3.0557730197906494,-0.20751938223838806,0.4560423791408539,3.012429714202881,-0.5288751721382141
10,0.5125247240066528,0.39979299902915955,-1.2200325727462769,0.5362623333930969,0.3467857241630554,-1.1413090229034424,0.5531748533248901,0.3494831919670105,-1.1413118839263916,0.5678554773330688,0.35131123661994934,-1.140759825706482,0.47802338004112244,0.3440473973751068,-1.1456940174102783,0.4572474956512451,0.3442035913467407,-1.144927740097046,0.4376053214073181,0.34427356719970703,-1.1454415321350098,0.597615122795105,0.392665296792984,-0.6502995491027832,0.4144141674041748,0.38438844680786133,-0.6646447777748108,0.5528676509857178,0.47494712471961975,-1.036684513092041,0.4759763181209564,0.470527708530426,-1.042047381401062,0.7368466258049011,0.7322432398796082,-0.40448814630508423,0.2948019802570343,0.7611823678016663,-0.35366290807724,0.8409417867660522,1.1849037408828735,-1.0059363842010498,0.2045244425535202,1.2114061117172241,-0.37957683205604553,0.6636277437210083,0.7205308675765991,-1.8099225759506226,0.21938225626945496,1.5633273124694824,-0.9480264782905579,0.6138201355934143,0.5984179973602295,-2.000485897064209,0.19282986223697662,1.6880009174346924,-1.0689843893051147,0.6077548265457153,0.560706377029419,-1.8913915157318115,0.23131397366523743,1.6652179956436157,-1.155808687210083,0.6110610961914062,0.6156637668609619,-1.8078339099884033,0.2516447603702545,1.6220817565917969,-1.0048801898956299,0.671883225440979,1.5707337856292725,-0.052919309586286545,0.3573588728904724,1.5766292810440063,0.05866094306111336,0.6660345196723938,2.270594596862793,-0.07415635138750076,0.37122732400894165,2.2355122566223145,-0.17264823615550995,0.6865001320838928,2.874380588531494,0.5033916234970093,0.40112295746803284,2.84089994430542,0.24999141693115234,0.6998521089553833,2.970332145690918,0.5202776193618774,0.39934873580932617,2.9403622150421143,0.26965656876564026,0.6379648447036743,3.069096088409424,-0.18749959766864777,0.4618321359157562,3.02264666557312,-0.47240200638771057
11,0.5135276317596436,0.4014240503311157,-1.1691770553588867,0.5359457731246948,0.34675806760787964,-1.0921895503997803,0.5525511503219604,0.3494636118412018,-1.0921529531478882,0.5670818090438843,0.35127973556518555,-1.0916043519973755,0.4782133996486664,0.3445257246494293,-1.0975298881530762,0.45750537514686584,0.3450002670288086,-1.0967172384262085,0.4376603960990906,0.34582969546318054,-1.0971896648406982,0.5956012010574341,0.3926926553249359,-0.6091310977935791,0.41341280937194824,0.3883747160434723,-0.62232905626297,0.5543478727340698,0.47754594683647156,-0.9879846572875977,0.4770070016384125,0.47225990891456604,-0.9933397173881531,0.7389161586761475,0.7328965067863464,-0.3470575213432312,0.293365478515625,0.7626098394393921,-0.32316499948501587,0.8574038743972778,1.1022754907608032,-0.9570819139480591,0.2037908136844635,1.2214295864105225,-0.31588488817214966,0.6679009199142456,0.7169505953788757,-1.7207273244857788,0.2113671600818634,1.5653945207595825,-0.8436145782470703,0.6197184920310974,0.5960082411766052,-1.9013135433197021,0.18384400010108948,1.6881346702575684,-0.9574715495109558,0.6109073758125305,0.561668336391449,-1.7709331512451172,0.2213299721479416,1.6639922857284546,-1.049140214920044,0.6145921945571899,0.6138843297958374,-1.6971467733383179,0.24196437001228333,1.6219781637191772,-0.9007196426391602,0.6729675531387329,1.5745265483856201,-0.05489007383584976,0.3586302697658539,1.5799651145935059,0.06075374409556389,0.6671344637870789,2.274700164794922,-0.06691840291023254,0.37280935049057007,2.2423501014709473,-0.10834884643554688,0.6892038583755493,2.878960371017456,0.5405561923980713,0.4025653898715973,2.844987630844116,0.32947152853012085,0.7025076150894165,2.974524974822998,0.5605502128601074,0.4004448354244232,2.9429433345794678,0.35117781162261963,0.6406499147415161,3.07161283493042,-0.1455124318599701,0.4636259973049164,3.0285146236419678,-0.38860705494880676
12,0.5131657719612122,0.4016726613044739,-1.1448310613632202,0.5342918634414673,0.34564194083213806,-1.066759705543518,0.5507563352584839,0.3481071889400482,-1.066718578338623,0.5650584697723389,0.34965217113494873,-1.0661381483078003,0.47719186544418335,0.3445666432380676,-1.0714962482452393,0.4565609395503998,0.3452834486961365,-1.0706171989440918,0.436823308467865,0.3464087247848511,-1.0710673332214355,0.5935322046279907,0.39117828011512756,-0.5844112634658813,0.4126712679862976,0.39005059003829956,-0.5931222438812256,0.5548042058944702,0.47798511385917664,-0.9642659425735474,0.47742828726768494,0.4728454649448395,-0.9685590863227844,0.7398767471313477,0.7326212525367737,-0.31133145093917847,0.29295480251312256,0.7630529999732971,-0.29809242486953735,0.8719693422317505,1.0637794733047485,-0.9026631116867065,0.1973930448293686,1.2239227294921875,-0.2689981460571289,0.669058620929718,0.7186597585678101,-1.6767746210098267,0.19964644312858582,1.5617207288742065,-0.7934341430664062,0.6188479661941528,0.6068404316902161,-1.8616145849227905,0.17221710085868835,1.683591604232788,-0.9128007888793945,0.6087602376937866,0.5699946880340576,-1.7402105331420898,0.21086125075817108,1.658043622970581,-1.005983591079712,0.6131616234779358,0.6186888813972473,-1.657209038734436,0.2313121259212494,1.6168540716171265,-0.8516937494277954,0.6739872694015503,1.5759892463684082,-0.05631570890545845,0.3592369258403778,1.5804202556610107,0.0623895525932312,0.668083667755127,2.275848388671875,-0.07544979453086853,0.3740030825138092,2.243852138519287,-0.11550301313400269,0.6900374293327332,2.8802952766418457,0.5414358973503113,0.40341344475746155,2.8462324142456055,0.3176495134830475,0.7032570838928223,2.975649356842041,0.5615991353988647,0.4013492465019226,2.9435081481933594,0.33810070157051086,0.6415117979049683,3.0716803073883057,-0.1579173058271408,0.4639543890953064,3.030256986618042,-0.41006818413734436
13,0.5121855735778809,0.399468332529068,-1.1297743320465088,0.532189667224884,0.3432386517524719,-1.0504958629608154,0.548641562461853,0.34538137912750244,-1.050473690032959,0.5628798604011536,0.34659630060195923,-1.0499109029769897,0.47581934928894043,0.34352216124534607,-1.0545344352722168,0.45524701476097107,0.34454208612442017,-1.0536730289459229,0.43580955266952515,0.34600308537483215,-1.0541473627090454,0.5915013551712036,0.38807347416877747,-0.5664079785346985,0.4122557044029236,0.39046552777290344,-0.5717439651489258,0.5546935796737671,0.4758608639240265,-0.9490338563919067,0.4775637090206146,0.4717477262020111,-0.9523466229438782,0.7404583692550659,0.7318351864814758,-0.2977655529975891,0.2929820120334625,0.7629494071006775,-0.28046098351478577,0.8762383460998535,1.0481817722320557,-0.8874098062515259,0.19137464463710785,1.2232662439346313,-0.2575221657752991,0.6689684391021729,0.7155128717422485,-1.6711381673812866,0.19406239688396454,1.557323694229126,-0.8017830848693848,0.6171526312828064,0.6033086776733398,-1.857358694076538,0.16748873889446259,1.6787288188934326,-0.9246587753295898,0.6060280799865723,0.5680225491523743,-1.740687608718872,0.20771661400794983,1.6517940759658813,-1.0155456066131592,0.6106721758842468,0.6191635727882385,-1.6538026332855225,0.22764715552330017,1.611140489578247,-0.8596147298812866,0.6744933724403381,1.5764882564544678,-0.059495896100997925,0.3594888150691986,1.5805258750915527,0.06576178222894669,0.6686297059059143,2.276618480682373,-0.08902858197689056,0.3746914267539978,2.246142864227295,-0.10789404809474945,0.6912530660629272,2.881803274154663,0.5218657851219177,0.40475335717201233,2.84794545173645,0.320223867893219,0.7043924331665039,2.9769845008850098,0.5404955744743347,0.4029339849948883,2.9442296028137207,0.34005165100097656,0.642612636089325,3.07161021232605,-0.18480105698108673,0.46488460898399353,3.0324926376342773,-0.41147541999816895
14,0.5105143785476685,0.39720121026039124,-1.1348545551300049,0.5302208662033081,0.3412591218948364,-1.055516004562378,0.5468181371688843,0.34330496191978455,-1.0555181503295898,0.5611830949783325,0.3444969356060028,-1.0549747943878174,0.47422894835472107,0.3421703279018402,-1.0595858097076416,0.4537818431854248,0.34345152974128723,-1.0587692260742188,0.4347897171974182,0.34534767270088196,-1.0592615604400635,0.5902042984962463,0.3861714005470276,-0.5690220594406128,0.4121536314487457,0.3904109299182892,-0.5741777420043945,0.5541601181030273,0.4733411371707916,-0.9533349871635437,0.47747015953063965,0.47046539187431335,-0.9569134712219238,0.7427877187728882,0.7314385771751404,-0.2968410551548004,0.29301124811172485,0.7629643678665161,-0.28172221779823303,0.878792405128479,1.0428597927093506,-0.933053195476532,0.1905485838651657,1.2224299907684326,-0.2747724652290344,0.668026328086853,0.7082117199897766,-1.7232866287231445,0.19369685649871826,1.5549530982971191,-0.8318853378295898,0.6136080026626587,0.5919221639633179,-1.9119476079940796,0.16692176461219788,1.676324486732483,-0.9607327580451965,0.6028130650520325,0.5571414828300476,-1.787523627281189,0.20824293792247772,1.648866057395935,-1.0497084856033325,0.6083624958992004,0.61126708984375,-1.7026569843292236,0.22822585701942444,1.608316421508789,-0.8912302851676941,0.6774232983589172,1.5776019096374512,-0.06289152801036835,0.36043283343315125,1.5820125341415405,0.06914221495389938,0.6715911626815796,2.2780215740203857,-0.09663312137126923,0.37595227360725403,2.2486398220062256,-0.10888198763132095,0.6965656876564026,2.8843188285827637,0.49331527948379517,0.4098965525627136,2.8498334884643555,0.30067920684814453,0.7097554802894592,2.979675531387329,0.5091062188148499,0.4089135229587555,2.945310354232788,0.3188025951385498,0.6470586657524109,3.0733096599578857,-0.2174391746520996,0.4700234532356262,3.0355641841888428,-0.4307796061038971
15,0.5087132453918457,0.3939647972583771,-1.0933036804199219,0.5293933153152466,0.3398377299308777,-1.012133002281189,0.5461143851280212,0.3419863283634186,-1.0121352672576904,0.5605757832527161,0.34336405992507935,-1.0115835666656494,0.4731302857398987,0.34082040190696716,-1.0151267051696777,0.4526200294494629,0.34228938817977905,-1.0143646001815796,0.4338447153568268,0.34464937448501587,-1.014868140220642,0.5901353359222412,0.38584086298942566,-0.5308043360710144,0.4122389853000641,0.39031368494033813,-0.5338577032089233,0.553790271282196,0.4708433747291565,-0.9154985547065735,0.4773539900779724,0.46837756037712097,-0.9179592132568359,0.7440361380577087,0.7329397797584534,-0.29295164346694946,0.29315099120140076,0.7649497389793396,-0.2613796889781952,0.8801301121711731,1.0308046340942383,-0.9472874402999878,0.1917182207107544,1.2220513820648193,-0.2823316156864166,0.6653753519058228,0.6867586374282837,-1.7359262704849243,0.19527718424797058,1.5537142753601074,-0.8833010792732239,0.609856367111206,0.5600137114524841,-1.9217987060546875,0.168654203414917,1.6750140190124512,-1.0133225917816162,0.6007544994354248,0.5276199579238892,-1.7939834594726562,0.21010497212409973,1.6476950645446777,-1.097808599472046,0.6068535447120667,0.5829795002937317,-1.713867425918579,0.2299552857875824,1.6070823669433594,-0.9413496851921082,0.679037868976593,1.5806361436843872,-0.0637870579957962,0.3613496720790863,1.5854140520095825,0.06996233761310577,0.6736669540405273,2.281116247177124,-0.08866904675960541,0.3766234219074249,2.251873016357422,-0.11393795162439346,0.6989942193031311,2.886983633041382,0.4973275065422058,0.4117586016654968,2.851226568222046,0.30026963353157043,0.7122007608413696,2.9822230339050293,0.5136644840240479,0.4109190106391907,2.946319580078125,0.3185043931007385,0.648878276348114,3.0755155086517334,-0.20688876509666443,0.4716501832008362,3.0374162197113037,-0.42741695046424866
16,0.507581889629364,0.39067158102989197,-1.0407663583755493,0.5293434262275696,0.33856284618377686,-0.9568713307380676,0.5460605621337891,0.3409096896648407,-0.9568926692008972,0.560516893863678,0.34260445833206177,-0.9563472867012024,0.47289586067199707,0.33939841389656067,-0.9606688618659973,0.45229020714759827,0.341065913438797,-0.9599787592887878,0.43361663818359375,0.34361764788627625,-0.960493266582489,0.5902175903320312,0.38604995608329773,-0.47858673334121704,0.41231489181518555,0.3898278772830963,-0.48807913064956665,0.5528944134712219,0.4693237245082855,-0.8654748797416687,0.47696930170059204,0.4662124812602997,-0.8697344064712524,0.74355149269104,0.741631269454956,-0.27493855357170105,0.2915811240673065,0.7746248245239258,-0.23085829615592957,0.8799773454666138,1.0292760133743286,-0.9436078071594238,0.19321462512016296,1.2248530387878418,-0.28046077489852905,0.6587775945663452,0.6744135618209839,-1.7202022075653076,0.19622817635536194,1.5571138858795166,-0.8901456594467163,0.6091022491455078,0.5362144708633423,-1.905426263809204,0.17004430294036865,1.6768678426742554,-1.018409013748169,0.6009917259216309,0.5132888555526733,-1.779693841934204,0.21066336333751678,1.6511555910110474,-1.1023199558258057,0.606218695640564,0.5672662258148193,-1.6991183757781982,0.2302083671092987,1.6111056804656982,-0.9485489130020142,0.6807658672332764,1.591725468635559,-0.06746368110179901,0.3648512661457062,1.5983206033706665,0.07349904626607895,0.6777439713478088,2.2935702800750732,-0.08779805153608322,0.380601704120636,2.2682723999023438,-0.08862443268299103,0.7036418318748474,2.9007351398468018,0.5000321269035339,0.41605448722839355,2.8638863563537598,0.33419543504714966,0.717089831829071,2.996109962463379,0.5161744356155396,0.41352829337120056,2.9569528102874756,0.3537446856498718,0.6543398499488831,3.0883233547210693,-0.20312586426734924,0.47565945982933044,3.0514121055603027,-0.37656229734420776
17,0.5033645033836365,0.3869383931159973,-1.0489857196807861,0.5282418727874756,0.33664876222610474,-0.9671387672424316,0.5452136397361755,0.3392845690250397,-0.9671462178230286,0.5596533417701721,0.3415087163448334,-0.9666072726249695,0.4718027114868164,0.3369406759738922,-0.9711822271347046,0.4510515332221985,0.33872494101524353,-0.970466136932373,0.4328746199607849,0.3412676155567169,-0.9709776043891907,0.5895776748657227,0.3860858380794525,-0.485947847366333,0.412210077047348,0.3865772783756256,-0.4987711012363434,0.5486472845077515,0.46792951226234436,-0.873278021812439,0.4718683362007141,0.46166089177131653,-0.8763921856880188,0.7358888983726501,0.7505614757537842,-0.2682946026325226,0.2903207540512085,0.776676595211029,-0.23547175526618958,0.8808709383010864,1.0279709100723267,-0.91803377866745,0.19423972070217133,1.2249637842178345,-0.26974281668663025,0.656432032585144,0.6761325597763062,-1.6927645206451416,0.19612012803554535,1.5584758520126343,-0.857883095741272,0.6245905756950378,0.5373789668083191,-1.8764556646347046,0.169552281498909,1.677660346031189,-0.9815274477005005,0.6193482875823975,0.5148245096206665,-1.7571685314178467,0.20883269608020782,1.6545803546905518,-1.0695013999938965,0.6141229271888733,0.5704507231712341,-1.674281120300293,0.2285119742155075,1.6143267154693604,-0.9135432243347168,0.673424243927002,1.5938012599945068,-0.07052561640739441,0.3594832420349121,1.5995432138442993,0.07653595507144928,0.6684097051620483,2.2965357303619385,-0.09480814635753632,0.3741408884525299,2.2715680599212646,-0.08949296176433563,0.6866899728775024,2.9056642055511475,0.5005919933319092,0.40014201402664185,2.868455410003662,0.3347507119178772,0.6984585523605347,3.000964879989624,0.5171701312065125,0.3953295350074768,2.961272954940796,0.35443422198295593,0.6376017928123474,3.092725992202759,-0.19836872816085815,0.45504483580589294,3.0559871196746826,-0.38075345754623413
18,0.4971463680267334,0.3830871880054474,-1.04606294631958,0.5250697135925293,0.33427026867866516,-0.9604350924491882,0.5425454378128052,0.3370647728443146,-0.9604112505912781,0.5575441718101501,0.33980074524879456,-0.9597969055175781,0.467573344707489,0.3342972993850708,-0.9647055864334106,0.44708508253097534,0.3361193835735321,-0.9639469385147095,0.4301467835903168,0.3387598693370819,-0.9643831253051758,0.587248682975769,0.38502073287963867,-0.48518943786621094,0.4113529622554779,0.3832263946533203,-0.4994697570800781,0.5439368486404419,0.46456536650657654,-0.8746259808540344,0.46388036012649536,0.4550611674785614,-0.8796273469924927,0.7289493083953857,0.7560740113258362,-0.2723478674888611,0.2886433005332947,0.7764325737953186,-0.24225839972496033,0.8712034225463867,1.0332554578781128,-0.9153809547424316,0.1961367279291153,1.2259663343429565,-0.2786506414413452,0.6569117307662964,0.6800402998924255,-1.6936784982681274,0.19480212032794952,1.5631427764892578,-0.8631431460380554,0.6433488130569458,0.5281016826629639,-1.8754956722259521,0.16748963296413422,1.681693434715271,-0.9826359748840332,0.6386562585830688,0.5086534023284912,-1.7591139078140259,0.2062402218580246,1.6622003316879272,-1.0727801322937012,0.6248829364776611,0.5684347152709961,-1.676587700843811,0.22639533877372742,1.6215449571609497,-0.9216446876525879,0.6680775880813599,1.5943995714187622,-0.07416990399360657,0.35505998134613037,1.599222183227539,0.08024518191814423,0.6624590158462524,2.297420024871826,-0.13155803084373474,0.3698693513870239,2.271571159362793,-0.09670555591583252,0.6796995401382446,2.907658100128174,0.4423271715641022,0.3943259119987488,2.8701164722442627,0.29927802085876465,0.6910700798034668,3.0032708644866943,0.4576496183872223,0.3897498846054077,2.9636733531951904,0.3166967034339905,0.630498468875885,3.094503879547119,-0.24298623204231262,0.4482387602329254,3.0573370456695557,-0.40306296944618225
19,0.49365583062171936,0.3807172477245331,-1.0247150659561157,0.5221341848373413,0.33299025893211365,-0.9403800964355469,0.539576530456543,0.33572059869766235,-0.9403670430183411,0.5550307035446167,0.33860811591148376,-0.93974769115448,0.46451425552368164,0.33286041021347046,-0.9448092579841614,0.4441966414451599,0.33458319306373596,-0.9440501928329468,0.4280366003513336,0.33719271421432495,-0.9444968104362488,0.5831953883171082,0.3835122883319855,-0.47216421365737915,0.4103156626224518,0.38139936327934265,-0.488412469625473,0.54023677110672,0.46077489852905273,-0.8556603193283081,0.459751695394516,0.4503094255924225,-0.8616476058959961,0.7241883277893066,0.7570070624351501,-0.2716688811779022,0.2878977656364441,0.774626612663269,-0.2388700693845749,0.8501954078674316,1.0266727209091187,-0.9077889323234558,0.19939206540584564,1.2263275384902954,-0.31672364473342896,0.654446542263031,0.6787685751914978,-1.6708996295928955,0.19686374068260193,1.562636137008667,-0.9291844367980957,0.6474064588546753,0.5188241600990295,-1.848872184753418,0.16903331875801086,1.6802388429641724,-1.0488193035125732,0.6423399448394775,0.5015971660614014,-1.7425765991210938,0.20695331692695618,1.6614736318588257,-1.1302552223205566,0.628045916557312,0.5617917776107788,-1.6581780910491943,0.22753477096557617,1.6200166940689087,-0.9862330555915833,0.6645175218582153,1.5856329202651978,-0.07322748750448227,0.35373660922050476,1.5900540351867676,0.0791986882686615,0.6597432494163513,2.285036325454712,-0.14632442593574524,0.37020552158355713,2.26080322265625,-0.14040641486644745,0.6793137788772583,2.893547534942627,0.39502495527267456,0.3958051800727844,2.8615286350250244,0.21540722250938416,0.69083172082901,2.986802816390991,0.4072330892086029,0.3913595676422119,2.9546844959259033,0.2290039360523224,0.6297932267189026,3.0789096355438232,-0.2823817729949951,0.4498364329338074,3.0427982807159424,-0.4814988076686859
20,0.49191397428512573,0.3801412582397461,-1.0149028301239014,0.5202747583389282,0.3330785632133484,-0.9315573573112488,0.5377448201179504,0.3359150290489197,-0.9315592050552368,0.5534152388572693,0.3390659689903259,-0.9309728741645813,0.4629548490047455,0.3326832056045532,-0.9363616704940796,0.44272008538246155,0.33419421315193176,-0.9356133341789246,0.4269154965877533,0.33672040700912476,-0.9360896348953247,0.580976128578186,0.38363054394721985,-0.46476665139198303,0.40958279371261597,0.3808877170085907,-0.4823395609855652,0.5377714037895203,0.4595254957675934,-0.8456670045852661,0.4576522707939148,0.44877129793167114,-0.8521525263786316,0.7213716506958008,0.7572421431541443,-0.2692409157752991,0.287840336561203,0.772783100605011,-0.23680472373962402,0.8429749608039856,1.0233705043792725,-0.9083280563354492,0.20413725078105927,1.228117823600769,-0.37763863801956177,0.6522445678710938,0.6779510974884033,-1.6717021465301514,0.20510756969451904,1.5606117248535156,-1.0261671543121338,0.6460497379302979,0.5190567374229431,-1.8489134311676025,0.17861738801002502,1.6775590181350708,-1.1540307998657227,0.6411311030387878,0.5014393925666809,-1.7475569248199463,0.21545183658599854,1.6585825681686401,-1.2282098531723022,0.6280450820922852,0.5589463114738464,-1.6613280773162842,0.23577670753002167,1.6167445182800293,-1.080954909324646,0.6618371605873108,1.5795005559921265,-0.07270697504281998,0.35262396931648254,1.5838525295257568,0.07858960330486298,0.6580151319503784,2.2756857872009277,-0.14774452149868011,0.3701481521129608,2.253056287765503,-0.14785267412662506,0.6788181662559509,2.8833818435668945,0.39207351207733154,0.3966958224773407,2.8546464443206787,0.21344919502735138,0.6903205513954163,2.9757373332977295,0.4045713543891907,0.3924640715122223,2.947624921798706,0.22759154438972473,0.6291233897209167,3.0688743591308594,-0.28389033675193787,0.4504438042640686,3.0330851078033447,-0.4846005439758301
21,0.4907240867614746,0.37987369298934937,-1.0145975351333618,0.5191977024078369,0.3331398069858551,-0.9311092495918274,0.5367975831031799,0.3360743522644043,-0.9311231374740601,0.5525612831115723,0.33944350481033325,-0.9305446743965149,0.46190667152404785,0.3325725793838501,-0.9359205365180969,0.44176626205444336,0.33393070101737976,-0.9351701736450195,0.42615729570388794,0.33641985058784485,-0.9356561899185181,0.5801788568496704,0.3841540515422821,-0.46291670203208923,0.40895041823387146,0.3806574046611786,-0.48064225912094116,0.5365477800369263,0.4594513475894928,-0.8446343541145325,0.4562770426273346,0.4483047425746918,-0.8511764407157898,0.7203364372253418,0.75779789686203,-0.26886919140815735,0.2876722514629364,0.7718260884284973,-0.23769696056842804,0.8413955569267273,1.0239430665969849,-0.9156931638717651,0.2060898244380951,1.2302360534667969,-0.38669708371162415,0.6494425535202026,0.6812257170677185,-1.6818110942840576,0.21018214523792267,1.560559630393982,-1.0409083366394043,0.6435695886611938,0.5222042798995972,-1.8611215353012085,0.1846342384815216,1.6774821281433105,-1.1699223518371582,0.6401228308677673,0.5039349794387817,-1.758058786392212,0.22144977748394012,1.658134937286377,-1.2444859743118286,0.6267032623291016,0.5604674816131592,-1.6708885431289673,0.2414766103029251,1.6163438558578491,-1.0960338115692139,0.6611596345901489,1.5783612728118896,-0.07258348166942596,0.35194602608680725,1.5831382274627686,0.07845213264226913,0.6581895351409912,2.2736823558807373,-0.14784221351146698,0.37025314569473267,2.2523317337036133,-0.14471806585788727,0.6794528365135193,2.881739377975464,0.39002707600593567,0.39794182777404785,2.8537726402282715,0.21789009869098663,0.6909893155097961,2.974301815032959,0.40247708559036255,0.39380893111228943,2.946699619293213,0.2318691462278366,0.6299957036972046,3.067905902862549,-0.2856268286705017,0.4518760144710541,3.0323901176452637,-0.47989359498023987
22,0.48967480659484863,0.3792983293533325,-1.0185556411743164,0.5185644626617432,0.3330162465572357,-0.9346901774406433,0.5362523794174194,0.33605319261550903,-0.9347082376480103,0.5520764589309692,0.3395269215106964,-0.9341266751289368,0.4609913229942322,0.3320615589618683,-0.9392750859260559,0.440875768661499,0.3333764374256134,-0.9385272860527039,0.42534011602401733,0.33590731024742126,-0.9390106201171875,0.5799447298049927,0.3845176696777344,-0.46472978591918945,0.40814390778541565,0.38046684861183167,-0.48153114318847656,0.5358209013938904,0.4593525230884552,-0.8476635217666626,0.45499730110168457,0.44770029187202454,-0.8542851209640503,0.7200458645820618,0.7586767077445984,-0.2807149291038513,0.28728142380714417,0.7713174819946289,-0.23843269050121307,0.8360516428947449,1.0243604183197021,-0.9546716809272766,0.20663487911224365,1.2325388193130493,-0.4146696627140045,0.6452418565750122,0.6831474304199219,-1.7248327732086182,0.2152484953403473,1.5600218772888184,-1.0979478359222412,0.6407512426376343,0.5240856409072876,-1.9042470455169678,0.1911536455154419,1.6762830018997192,-1.2280341386795044,0.6393942832946777,0.505315899848938,-1.7979379892349243,0.22775936126708984,1.6554368734359741,-1.29695725440979,0.6251611113548279,0.5620118379592896,-1.7127214670181274,0.24715390801429749,1.6140047311782837,-1.1520588397979736,0.6611806750297546,1.5786197185516357,-0.07298123836517334,0.35136106610298157,1.5842565298080444,0.0788707509636879,0.6581858992576599,2.2733428478240967,-0.150590181350708,0.3703353703022003,2.2529890537261963,-0.14211079478263855,0.6804753541946411,2.882051944732666,0.3860136866569519,0.3994752764701843,2.8542659282684326,0.2217109203338623,0.6921367645263672,2.97560977935791,0.3987310528755188,0.3954475522041321,2.9477758407592773,0.23577241599559784,0.6312689781188965,3.0687663555145264,-0.28759151697158813,0.4536750912666321,3.0327916145324707,-0.47643452882766724
23,0.48885780572891235,0.3783811926841736,-1.0154035091400146,0.5178927183151245,0.33264386653900146,-0.9317296743392944,0.535576581954956,0.3358060121536255,-0.9317337274551392,0.5514723658561707,0.33940237760543823,-0.9311298131942749,0.46025317907333374,0.331148236989975,-0.9357743263244629,0.440157413482666,0.33250340819358826,-0.9350129961967468,0.4246503412723541,0.3350413739681244,-0.9354775547981262,0.5792213678359985,0.38456645607948303,-0.466680109500885,0.4073341488838196,0.3798944354057312,-0.48211559653282166,0.5350560545921326,0.4590452015399933,-0.8476095199584961,0.45408350229263306,0.44693368673324585,-0.8536186218261719,0.7192105054855347,0.7588837742805481,-0.2925519645214081,0.28658193349838257,0.7712444067001343,-0.24016311764717102,0.8296664953231812,1.023538589477539,-0.9593212008476257,0.2072717696428299,1.2362916469573975,-0.41249799728393555,0.6410161256790161,0.683687150478363,-1.705227255821228,0.2176559865474701,1.5603266954421997,-1.0762816667556763,0.6395230889320374,0.5251608490943909,-1.8767213821411133,0.193653404712677,1.6758532524108887,-1.208115577697754,0.6390417218208313,0.506009042263031,-1.7689759731292725,0.23012661933898926,1.6541038751602173,-1.2834978103637695,0.6242685317993164,0.5636785626411438,-1.6916306018829346,0.24936158955097198,1.6128507852554321,-1.131456732749939,0.6611807942390442,1.578818440437317,-0.07330117374658585,0.3508378267288208,1.5847893953323364,0.07919187098741531,0.6582610607147217,2.27323317527771,-0.15190216898918152,0.3702915608882904,2.2535383701324463,-0.1131199449300766,0.6807044744491577,2.8823471069335938,0.3865658938884735,0.39995747804641724,2.8545029163360596,0.24170061945915222,0.6923783421516418,2.9763481616973877,0.3987937569618225,0.3959074914455414,2.9482924938201904,0.25623002648353577,0.6314324140548706,3.0690999031066895,-0.2741994261741638,0.4541966915130615,3.0330612659454346,-0.43505796790122986
24,0.4880979657173157,0.3773578405380249,-1.0146483182907104,0.5169239640235901,0.3320695459842682,-0.9310818910598755,0.534576952457428,0.335326224565506,-0.9310826063156128,0.5505768656730652,0.3390529453754425,-0.9304760098457336,0.4594651162624359,0.3300498425960541,-0.9347676038742065,0.43944087624549866,0.33147433400154114,-0.9339981079101562,0.4239576458930969,0.3339504897594452,-0.9344566464424133,0.5781257748603821,0.38439080119132996,-0.4704432487487793,0.4064614772796631,0.3787468671798706,-0.48238182067871094,0.5340731739997864,0.4584498107433319,-0.8476723432540894,0.4531562924385071,0.44603246450424194,-0.8535488247871399,0.7182006239891052,0.7584245204925537,-0.3050488233566284,0.28557997941970825,0.7707285284996033,-0.24103395640850067,0.8238593935966492,1.0231165885925293,-0.9551960229873657,0.20739802718162537,1.238390564918518,-0.40714389085769653,0.6391724944114685,0.6841375231742859,-1.6810576915740967,0.21749134361743927,1.5620437860488892,-1.0535987615585327,0.6390205025672913,0.5256463289260864,-1.8489501476287842,0.19319920241832733,1.6777188777923584,-1.1704671382904053,0.6386117935180664,0.5062391757965088,-1.7417371273040771,0.22985050082206726,1.6555274724960327,-1.2408435344696045,0.6237417459487915,0.5649673938751221,-1.6666805744171143,0.2490958869457245,1.6140224933624268,-1.1060960292816162,0.6606487035751343,1.5783483982086182,-0.07369217276573181,0.3492293953895569,1.5842761993408203,0.07957325875759125,0.6575814485549927,2.272141933441162,-0.14952190220355988,0.3695128560066223,2.254009962081909,-0.07066858559846878,0.6796569228172302,2.8819222450256348,0.39853158593177795,0.3998468518257141,2.854151964187622,0.2903454005718231,0.6914314031600952,2.9761595726013184,0.41312313079833984,0.39582642912864685,2.9476583003997803,0.3063642382621765,0.6306842565536499,3.068650960922241,-0.24624478816986084,0.4541865289211273,3.0332961082458496,-0.37479379773139954
25,0.4876531660556793,0.3770022392272949,-1.015904188156128,0.5162965059280396,0.33182042837142944,-0.932318389415741,0.5339092016220093,0.33512070775032043,-0.9323232769966125,0.5499771237373352,0.33892518281936646,-0.9317183494567871,0.4589824676513672,0.32954317331314087,-0.9359766840934753,0.4389660954475403,0.33092164993286133,-0.9352062940597534,0.42345184087753296,0.33329126238822937,-0.9356630444526672,0.5775973200798035,0.38438165187835693,-0.47652649879455566,0.405653178691864,0.37791308760643005,-0.4850820004940033,0.5333893299102783,0.45823508501052856,-0.848100483417511,0.45241984724998474,0.4457031488418579,-0.8542966842651367,0.7179991006851196,0.7585077881813049,-0.3154881000518799,0.28422147035598755,0.7701865434646606,-0.2460700273513794,0.815036952495575,1.0233253240585327,-0.9553742408752441,0.20730021595954895,1.239059567451477,-0.40788596868515015,0.637454092502594,0.6846936345100403,-1.6727275848388672,0.2174057513475418,1.5634599924087524,-1.0483858585357666,0.6384322047233582,0.5259283781051636,-1.840717077255249,0.19245025515556335,1.6791434288024902,-1.1614596843719482,0.6382703185081482,0.5053530931472778,-1.7334258556365967,0.22920939326286316,1.6567343473434448,-1.230665922164917,0.6235789656639099,0.5634686350822449,-1.658355951309204,0.24883320927619934,1.614972472190857,-1.0999499559402466,0.6583889126777649,1.5787713527679443,-0.07452701777219772,0.3460865020751953,1.5841734409332275,0.08037629723548889,0.6515228748321533,2.2718605995178223,-0.14544816315174103,0.3644999563694,2.2547097206115723,-0.043823592364788055,0.6700633764266968,2.882662534713745,0.4100746512413025,0.39418357610702515,2.8542656898498535,0.3179646134376526,0.681594729423523,2.9778356552124023,0.4271818995475769,0.3898817002773285,2.947575092315674,0.3343163728713989,0.6208361387252808,3.0689585208892822,-0.22637589275836945,0.4476000666618347,3.0344390869140625,-0.34092873334884644
26,0.48699966073036194,0.3770626187324524,-1.0154821872711182,0.5158509016036987,0.3317917585372925,-0.9328306317329407,0.5334910154342651,0.33509835600852966,-0.9328252673149109,0.5496445894241333,0.3389301896095276,-0.9322250485420227,0.4581694006919861,0.32940325140953064,-0.9361516833305359,0.4381968379020691,0.330744206905365,-0.93537437915802,0.42260900139808655,0.3330754339694977,-0.935810387134552,0.5774044394493103,0.38441202044487,-0.47959232330322266,0.4048238694667816,0.3776712417602539,-0.4865546226501465,0.5327721834182739,0.4582909047603607,-0.8491156697273254,0.45131295919418335,0.445855975151062,-0.8547104597091675,0.7180359363555908,0.7602397203445435,-0.3151940703392029,0.28322580456733704,0.7700760960578918,-0.2526282072067261,0.8115528225898743,1.025064468383789,-0.9541671872138977,0.20724423229694366,1.2420235872268677,-0.4106674790382385,0.6362717151641846,0.6848720908164978,-1.6705849170684814,0.21520252525806427,1.570497751235962,-1.0343995094299316,0.6376242637634277,0.525952935218811,-1.838343858718872,0.18778212368488312,1.6855719089508057,-1.1438026428222656,0.6377937197685242,0.5047596096992493,-1.7302401065826416,0.2241748571395874,1.6642705202102661,-1.2140274047851562,0.6231278777122498,0.5625441074371338,-1.6562423706054688,0.24520008265972137,1.6225943565368652,-1.086560845375061,0.6558251976966858,1.5822532176971436,-0.07449205219745636,0.34381216764450073,1.58572518825531,0.0803297609090805,0.6473544836044312,2.274524211883545,-0.146193265914917,0.3609471619129181,2.2585368156433105,-0.048811472952365875,0.6659502387046814,2.8886878490448,0.39777320623397827,0.3904614746570587,2.8583977222442627,0.30816617608070374,0.6777620911598206,2.9856629371643066,0.413992702960968,0.3858725130558014,2.9518356323242188,0.32533952593803406,0.6162965893745422,3.073849678039551,-0.23827168345451355,0.44300422072410583,3.040733575820923,-0.3619212806224823
27,0.4864409565925598,0.3775116205215454,-1.0111186504364014,0.5155719518661499,0.3319009840488434,-0.9308406710624695,0.5332466959953308,0.3351995646953583,-0.9308097958564758,0.5494497418403625,0.339057594537735,-0.9301997423171997,0.45753875374794006,0.32947415113449097,-0.9319337010383606,0.43754464387893677,0.33073127269744873,-0.9311158061027527,0.4218730330467224,0.3330756723880768,-0.9314945936203003,0.5773133039474487,0.38444674015045166,-0.48204606771469116,0.40416425466537476,0.3776698410511017,-0.4859762191772461,0.532375693321228,0.45892533659935,-0.848476231098175,0.450370728969574,0.44666963815689087,-0.8513070940971375,0.7186267971992493,0.7633103132247925,-0.3166503310203552,0.28266769647598267,0.7705042958259583,-0.24594183266162872,0.7962698340415955,1.1623865365982056,-0.9540941119194031,0.20498421788215637,1.2443580627441406,-0.39201223850250244,0.6365692615509033,0.6899240612983704,-1.6657812595367432,0.21360675990581512,1.5759505033493042,-1.0221871137619019,0.6363321542739868,0.5338298082351685,-1.83506178855896,0.18542233109474182,1.6914899349212646,-1.1311724185943604,0.6367534399032593,0.5079659223556519,-1.726483702659607,0.2219838798046112,1.6695646047592163,-1.2033848762512207,0.6224589943885803,0.567625880241394,-1.6516565084457397,0.24353739619255066,1.6276694536209106,-1.0759479999542236,0.6541112661361694,1.587506651878357,-0.0750122219324112,0.3422505259513855,1.5886166095733643,0.08087139576673508,0.6434147953987122,2.2785024642944336,-0.1547676920890808,0.35659992694854736,2.26533842086792,-0.026248836889863014,0.6605976819992065,2.8960347175598145,0.3791636824607849,0.3855670094490051,2.8643269538879395,0.30538564920425415,0.6723688244819641,2.9947123527526855,0.3946126699447632,0.38099926710128784,2.957594156265259,0.3186042606830597,0.6100473403930664,3.079928159713745,-0.2633870542049408,0.43719783425331116,3.0484132766723633,-0.356587678194046
28,0.4870106279850006,0.37883129715919495,-0.9859625101089478,0.5159866809844971,0.33216777443885803,-0.9092541933059692,0.5335652232170105,0.335416316986084,-0.9091727137565613,0.549595832824707,0.3391862213611603,-0.9084962606430054,0.45809611678123474,0.32987260818481445,-0.908847451210022,0.4377269148826599,0.3309372663497925,-0.9079886674880981,0.4218369424343109,0.3332464098930359,-0.9083062410354614,0.5773817300796509,0.3842242360115051,-0.47976669669151306,0.4038930833339691,0.3778574764728546,-0.4805583357810974,0.5327771902084351,0.4597690999507904,-0.8325848579406738,0.45075011253356934,0.44869253039360046,-0.8337554931640625,0.719062864780426,0.7650454640388489,-0.3156318664550781,0.2824682891368866,0.7707160115242004,-0.2398146092891693,0.7780882716178894,1.2229002714157104,-0.9257887005805969,0.20340204238891602,1.2456376552581787,-0.36674705147743225,0.6377844214439392,0.7048154473304749,-1.610593557357788,0.21298401057720184,1.5804860591888428,-0.9664119482040405,0.6356161832809448,0.5510623455047607,-1.7753658294677734,0.1845838874578476,1.6969176530838013,-1.0704874992370605,0.6359540224075317,0.5177956223487854,-1.6639630794525146,0.22148270905017853,1.6747978925704956,-1.1440671682357788,0.6220826506614685,0.5823721289634705,-1.5957677364349365,0.243179589509964,1.6323723793029785,-1.0210063457489014,0.6523886919021606,1.5897212028503418,-0.07541276514530182,0.34057939052581787,1.5899485349655151,0.08136343955993652,0.6406828761100769,2.280897378921509,-0.15698057413101196,0.3537515103816986,2.2687883377075195,-0.036837685853242874,0.6581920385360718,2.90067982673645,0.37970903515815735,0.3835834264755249,2.8675010204315186,0.29356423020362854,0.6699675917625427,3.0008385181427,0.3954665958881378,0.3789733052253723,2.9610698223114014,0.3079740107059479,0.6082888841629028,3.0838325023651123,-0.2561825215816498,0.435924232006073,3.0522894859313965,-0.35463231801986694
29,0.48824968934059143,0.38154202699661255,-1.0931322574615479,0.5172907114028931,0.3327334523200989,-1.0197163820266724,0.5348306894302368,0.33587291836738586,-1.0196996927261353,0.5503354668617249,0.33932268619537354,-1.0189887285232544,0.45917725563049316,0.33076319098472595,-1.0112745761871338,0.4382725656032562,0.33148011565208435,-1.0104221105575562,0.4220302104949951,0.3336542546749115,-1.010790467262268,0.5778279900550842,0.38338974118232727,-0.5755298137664795,0.40392833948135376,0.3779035210609436,-0.5414339303970337,0.5339946746826172,0.4602974057197571,-0.9320051074028015,0.4528694748878479,0.4516163468360901,-0.9230063557624817,0.7248510122299194,0.7627026438713074,-0.366024374961853,0.28412604331970215,0.7642644643783569,-0.24253526329994202,0.76772141456604,1.250568151473999,-1.0030272006988525,0.20242807269096375,1.2261255979537964,-0.3416450619697571,0.6426967978477478,0.7320188879966736,-1.8353748321533203,0.21243496239185333,1.576060175895691,-0.9558078646659851,0.6377922296524048,0.5880372524261475,-2.0242292881011963,0.18378977477550507,1.6978765726089478,-1.0636738538742065,0.6409765481948853,0.54302978515625,-1.933820128440857,0.2213384360074997,1.6762953996658325,-1.1408382654190063,0.6306880116462708,0.6116319894790649,-1.830904245376587,0.24318137764930725,1.6327801942825317,-1.011763572692871,0.6522153615951538,1.5877035856246948,-0.0764734223484993,0.3399493098258972,1.5832533836364746,0.08256036788225174,0.6397238969802856,2.2799949645996094,-0.21255187690258026,0.3523685336112976,2.2617249488830566,-0.10919268429279327,0.6575305461883545,2.9011569023132324,0.2984924912452698,0.38185805082321167,2.86486554145813,0.2061120569705963,0.6691429018974304,3.002230167388916,0.30864688754081726,0.3772728741168976,2.960059404373169,0.21591320633888245,0.6080316305160522,3.0845706462860107,-0.3853561580181122,0.4350433349609375,3.048804998397827,-0.4930947721004486
30,0.48876848816871643,0.38537514209747314,-1.2327978610992432,0.5185863971710205,0.33356204628944397,-1.1658484935760498,0.5364505052566528,0.33653882145881653,-1.1659266948699951,0.5516637563705444,0.3395494222640991,-1.1653684377670288,0.4595731198787689,0.33215534687042236,-1.1522505283355713,0.4383710026741028,0.3325931429862976,-1.1514506340026855,0.4219937324523926,0.3348396420478821,-1.15185546875,0.5804157853126526,0.3828524351119995,-0.715724766254425,0.4039131700992584,0.3779505789279938,-0.6525601148605347,0.5345730185508728,0.4610787630081177,-1.0655109882354736,0.45488786697387695,0.4567157030105591,-1.048815369606018,0.7295688986778259,0.7402678728103638,-0.4651498794555664,0.28715336322784424,0.7530111074447632,-0.2796054482460022,0.7684157490730286,1.2541753053665161,-1.0474971532821655,0.20211485028266907,1.1991723775863647,-0.26601091027259827,0.6427248120307922,0.7648553252220154,-1.8880960941314697,0.2106575220823288,1.545859694480896,-0.8765063285827637,0.625213623046875,0.6494396924972534,-2.082249164581299,0.18121512234210968,1.6739944219589233,-0.9982202649116516,0.6348509192466736,0.5975712537765503,-1.9997047185897827,0.22044160962104797,1.6483961343765259,-1.0892201662063599,0.6316782832145691,0.6505976915359497,-1.8844795227050781,0.24272751808166504,1.602092981338501,-0.9374224543571472,0.655214786529541,1.5545457601547241,-0.08073149621486664,0.3402719795703888,1.5484671592712402,0.08677661418914795,0.6423803567886353,2.2519991397857666,-0.15270915627479553,0.3536815345287323,2.2189018726348877,-0.13518455624580383,0.6578056812286377,2.863826036453247,0.4503610134124756,0.3820967376232147,2.8280069828033447,0.2567812204360962,0.669360876083374,2.9606237411499023,0.4680752754211426,0.378449410200119,2.9234657287597656,0.2789820730686188,0.6083148717880249,3.051039934158325,-0.24268369376659393,0.43676304817199707,3.01214337348938,-0.5055021047592163
31,0.4890475273132324,0.38717034459114075,-1.2557660341262817,0.5192038416862488,0.33399108052253723,-1.1894927024841309,0.5374062061309814,0.33674156665802,-1.1898877620697021,0.552197277545929,0.33949777483940125,-1.1895776987075806,0.45963868498802185,0.33336398005485535,-1.1867578029632568,0.43847164511680603,0.3337145745754242,-1.1862213611602783,0.4219602942466736,0.3357836902141571,-1.1868799924850464,0.5824487209320068,0.38214394450187683,-0.7194319367408752,0.4042118489742279,0.3778896629810333,-0.69306480884552,0.5346043109893799,0.46160584688186646,-1.0791996717453003,0.4554789662361145,0.4592098295688629,-1.0721123218536377,0.7294133901596069,0.736777126789093,-0.42983880639076233,0.28902357816696167,0.7611191272735596,-0.37047502398490906,0.7685508728027344,1.0741870403289795,-0.6422857046127319,0.19890770316123962,1.1847275495529175,-0.25413885712623596,0.7629531025886536,1.314437747001648,-1.4630643129348755,0.19985251128673553,1.5365172624588013,-0.7953149676322937,0.7708350419998169,1.3765065670013428,-1.6601651906967163,0.17355911433696747,1.6657376289367676,-0.9498696327209473,0.7496843934059143,1.3356425762176514,-1.7245861291885376,0.21358974277973175,1.6417587995529175,-1.0659849643707275,0.7322939038276672,1.3164151906967163,-1.5197395086288452,0.23588213324546814,1.5950886011123657,-0.8636597394943237,0.6583622694015503,1.5435408353805542,-0.0784783810377121,0.34351876378059387,1.541122555732727,0.08398498594760895,0.6445416212081909,2.2290256023406982,-0.07456804811954498,0.3571733832359314,2.204155921936035,-0.07730571925640106,0.6413529515266418,2.8314268589019775,0.5840082168579102,0.36786067485809326,2.8050475120544434,0.4200436472892761,0.6468639969825745,2.9252254962921143,0.6050338745117188,0.3653940260410309,2.897353410720825,0.44696730375289917,0.5918108224868774,3.01704478263855,-0.10463903099298477,0.4159403443336487,2.9874978065490723,-0.3216143548488617
32,0.48952239751815796,0.3882906138896942,-1.2219059467315674,0.5199688673019409,0.3344489634037018,-1.1892497539520264,0.5383769273757935,0.33703288435935974,-1.190942406654358,0.5527532696723938,0.33955952525138855,-1.190651774406433,0.459932804107666,0.33418652415275574,-1.152728796005249,0.4387785494327545,0.3344636559486389,-1.1514630317687988,0.421977698802948,0.33640947937965393,-1.1519269943237305,0.583256185054779,0.3823477327823639,-0.5869770050048828,0.4044140875339508,0.3779064416885376,-0.6929281949996948,0.5346106290817261,0.46228426694869995,-1.0629569292068481,0.4555099606513977,0.4609648883342743,-1.0445376634597778,0.7312403321266174,0.7446138858795166,-0.2384168654680252,0.28624677658081055,0.7696771025657654,-0.3970959484577179,0.8568500280380249,1.0923619270324707,-0.714497447013855,0.18980315327644348,1.2067066431045532,-0.8515726327896118,0.7647746801376343,1.1160101890563965,-1.5630438327789307,0.37476420402526855,1.1374294757843018,-1.740116834640503,0.7496570944786072,1.1066995859146118,-1.7437959909439087,0.4414808750152588,1.1308722496032715,-1.9367177486419678,0.7343425750732422,1.0443631410598755,-1.809653639793396,0.4863208830356598,1.013087272644043,-1.8908634185791016,0.6875866651535034,1.0418192148208618,-1.6267039775848389,0.47848206758499146,1.006985068321228,-1.7428572177886963,0.661700963973999,1.5554230213165283,-0.020659251138567924,0.3467843532562256,1.5662258863449097,0.025443870574235916,0.6475675106048584,2.230064868927002,-0.07371819764375687,0.35784831643104553,2.2131054401397705,-0.16950377821922302,0.647089421749115,2.8332343101501465,0.5346387624740601,0.3691251575946808,2.807783365249634,0.207332581281662,0.6505277156829834,2.9273273944854736,0.5539551973342896,0.3671184778213501,2.9006381034851074,0.21854989230632782,0.6113157272338867,3.0147480964660645,-0.14433653652668,0.41812872886657715,2.99180269241333,-0.5026413798332214
33,0.4888346195220947,0.38937798142433167,-1.206344485282898,0.5200647711753845,0.33599022030830383,-1.1465442180633545,0.5387279391288757,0.3387548327445984,-1.1476131677627563,0.5531051158905029,0.3412036597728729,-1.1473734378814697,0.4595854878425598,0.33538728952407837,-1.1352791786193848,0.43865934014320374,0.3354436755180359,-1.1343189477920532,0.42162761092185974,0.33734509348869324,-1.1348143815994263,0.5840246677398682,0.3858337104320526,-0.6056561470031738,0.4043176770210266,0.37833598256111145,-0.6608965396881104,0.533614993095398,0.46445193886756897,-1.0342682600021362,0.45403704047203064,0.4619464874267578,-1.033165454864502,0.7326236367225647,0.7652292847633362,-0.26119446754455566,0.2840714454650879,0.7703074216842651,-0.4099275469779968,0.856080174446106,1.193722128868103,-0.2074379175901413,0.18858802318572998,1.1975042819976807,-0.3276350796222687,0.8078681826591492,1.5369337797164917,-0.6352245211601257,0.22476501762866974,1.4471192359924316,-0.8245216608047485,0.829300045967102,1.6487305164337158,-0.7645096778869629,0.21949736773967743,1.530398964881897,-0.9866784811019897,0.795254111289978,1.6388356685638428,-0.8661856651306152,0.2609142065048218,1.5278133153915405,-1.1110985279083252,0.773152232170105,1.5935204029083252,-0.7019700407981873,0.2804165780544281,1.4827631711959839,-0.8958002924919128,0.6584230661392212,1.5621007680892944,-0.019477607682347298,0.3431205749511719,1.56709623336792,0.024558881297707558,0.6296682357788086,2.2322909832000732,-0.06524962931871414,0.3401329517364502,2.2189078330993652,-0.09581409394741058,0.6144904494285583,2.8380229473114014,0.5916528701782227,0.33597564697265625,2.8108150959014893,0.3808024525642395,0.6173298954963684,2.9329681396484375,0.6124353408813477,0.33513790369033813,2.90409779548645,0.40099459886550903,0.5675252676010132,3.0187301635742188,-0.09689953178167343,0.3752603232860565,2.994720935821533,-0.3736901581287384
34,0.48814669251441956,0.3916027247905731,-1.253480315208435,0.5198144316673279,0.3385167121887207,-1.175813913345337,0.538644552230835,0.3412769138813019,-1.1761070489883423,0.5530572533607483,0.34359344840049744,-1.1760729551315308,0.4591532349586487,0.337641179561615,-1.18510103225708,0.4384712278842926,0.33738261461257935,-1.1844760179519653,0.4212678372859955,0.3391262888908386,-1.1850347518920898,0.5840306282043457,0.38905367255210876,-0.6769288778305054,0.40424150228500366,0.3794822096824646,-0.7206323146820068,0.5324432849884033,0.46721890568733215,-1.0728038549423218,0.4529326856136322,0.46380415558815,-1.0835397243499756,0.7284348011016846,0.7788201570510864,-0.3068740963935852,0.2837132215499878,0.7702965140342712,-0.46718111634254456,0.8413320779800415,1.2206294536590576,-0.20884737372398376,0.18755005300045013,1.1828910112380981,-0.3117470443248749,0.8187117576599121,1.5650333166122437,-0.6281161904335022,0.18375518918037415,1.5165324211120605,-0.8036260604858398,0.8455005884170532,1.6753915548324585,-0.7530273199081421,0.15988343954086304,1.6265811920166016,-0.9590032696723938,0.811121940612793,1.668456792831421,-0.857226550579071,0.2019367665052414,1.624018907546997,-1.0796339511871338,0.7883886694908142,1.62283194065094,-0.6950852274894714,0.22351518273353577,1.578284502029419,-0.8727583885192871,0.6513705253601074,1.5583531856536865,-0.027203243225812912,0.3378923535346985,1.554988980293274,0.03234522417187691,0.6147928237915039,2.2317445278167725,-0.06272448599338531,0.3258379399776459,2.2166528701782227,-0.07354976236820221,0.5957554578781128,2.8380255699157715,0.5957382917404175,0.31766781210899353,2.8141560554504395,0.3879363238811493,0.5988017320632935,2.9335014820098877,0.6165446043014526,0.31669893860816956,2.9068915843963623,0.4069468080997467,0.5443001389503479,3.018343210220337,-0.08975695073604584,0.35523906350135803,2.9965643882751465,-0.3555351197719574
35,0.4881567358970642,0.3936903178691864,-1.2708442211151123,0.5198680758476257,0.3405059278011322,-1.1917288303375244,0.538678765296936,0.34321773052215576,-1.1919777393341064,0.5531109571456909,0.34543851017951965,-1.1919628381729126,0.45930689573287964,0.33940303325653076,-1.2027907371520996,0.43865394592285156,0.3388859033584595,-1.2022483348846436,0.42131274938583374,0.3403318226337433,-1.2028483152389526,0.5840914249420166,0.3907322585582733,-0.6980661749839783,0.4042348861694336,0.3800623118877411,-0.7407007217407227,0.5318761467933655,0.46938493847846985,-1.0891883373260498,0.45286911725997925,0.46535205841064453,-1.1012535095214844,0.7252354621887207,0.7841519117355347,-0.33076709508895874,0.28366443514823914,0.769591212272644,-0.48366421461105347,0.8256454467773438,1.2246702909469604,-0.2190171182155609,0.1857793778181076,1.1785142421722412,-0.3322356641292572,0.8173176050186157,1.5669407844543457,-0.6456464529037476,0.18021225929260254,1.5179555416107178,-0.8253267407417297,0.8441078066825867,1.6776899099349976,-0.7718056440353394,0.15387973189353943,1.6334093809127808,-0.9825721979141235,0.8105894923210144,1.672060489654541,-0.8767608404159546,0.19563353061676025,1.6302896738052368,-1.103325366973877,0.7874678373336792,1.626279592514038,-0.7127813100814819,0.2170526683330536,1.584835171699524,-0.8944412469863892,0.6449422836303711,1.5564464330673218,-0.027156701311469078,0.33363571763038635,1.55018949508667,0.032170649617910385,0.6053599119186401,2.230693817138672,-0.05978379771113396,0.3171290159225464,2.212999105453491,-0.09748309850692749,0.5871081352233887,2.836937189102173,0.5897757411003113,0.30855369567871094,2.8154871463775635,0.36378714442253113,0.5898799896240234,2.932770013809204,0.6097321510314941,0.3073144257068634,2.908646583557129,0.3827400803565979,0.5354127883911133,3.0172038078308105,-0.09431149810552597,0.34666284918785095,2.9950857162475586,-0.3820592761039734
36,0.4881764054298401,0.3955562710762024,-1.2826377153396606,0.5199549794197083,0.342095285654068,-1.2034831047058105,0.5387500524520874,0.3446860611438751,-1.2037403583526611,0.5532394647598267,0.3467613458633423,-1.203716516494751,0.45941704511642456,0.3410634696483612,-1.2138640880584717,0.43880271911621094,0.3404582738876343,-1.2133615016937256,0.4213511347770691,0.34171369671821594,-1.2139612436294556,0.5842923521995544,0.3918091654777527,-0.709452748298645,0.40424519777297974,0.3810594975948334,-0.7477900385856628,0.5315651893615723,0.47120267152786255,-1.1005555391311646,0.45284050703048706,0.4670032262802124,-1.1116260290145874,0.7248746156692505,0.786516010761261,-0.3507627248764038,0.2836122214794159,0.769414484500885,-0.4843360483646393,0.819139838218689,1.2254960536956787,-0.2509235739707947,0.18477708101272583,1.1779353618621826,-0.32968229055404663,0.8184487223625183,1.5694522857666016,-0.6987398862838745,0.17907977104187012,1.5183093547821045,-0.821814239025116,0.8447670936584473,1.6816338300704956,-0.8323217630386353,0.1531754583120346,1.634248971939087,-0.9811194539070129,0.8103262186050415,1.6751751899719238,-0.9360893368721008,0.19389218091964722,1.6305251121520996,-1.1058225631713867,0.7875286340713501,1.6286338567733765,-0.7662392854690552,0.21518711745738983,1.5850523710250854,-0.8930581212043762,0.6436338424682617,1.5560864210128784,-0.02548345923423767,0.33325737714767456,1.549523115158081,0.03042110800743103,0.6056721806526184,2.2304577827453613,-0.05819401144981384,0.31752389669418335,2.2114052772521973,-0.12908995151519775,0.5897551774978638,2.836660146713257,0.5893857479095459,0.31164422631263733,2.8161723613739014,0.3435002863407135,0.5928585529327393,2.9326977729797363,0.608765184879303,0.31035253405570984,2.9094150066375732,0.36152881383895874,0.5388092398643494,3.0163705348968506,-0.10008092224597931,0.35070449113845825,2.9944331645965576,-0.4188362658023834
37,0.48806101083755493,0.39641425013542175,-1.2989808320999146,0.5199444890022278,0.3431205153465271,-1.220079779624939,0.5387580990791321,0.34565210342407227,-1.2203943729400635,0.5532951354980469,0.3476424515247345,-1.220391869544983,0.4594205319881439,0.34215104579925537,-1.2279813289642334,0.4388754367828369,0.34153643250465393,-1.2274845838546753,0.4213448166847229,0.3428182899951935,-1.228097677230835,0.5843818187713623,0.3926180303096771,-0.7272736430168152,0.40425819158554077,0.3821830451488495,-0.7524585127830505,0.5313550233840942,0.4720480144023895,-1.1174628734588623,0.4528012275695801,0.46781033277511597,-1.1247458457946777,0.7256591320037842,0.7867686748504639,-0.37496417760849,0.28371691703796387,0.7700777053833008,-0.4799959063529968,0.8223159909248352,1.223552942276001,-0.2882617115974426,0.18443860113620758,1.1786600351333618,-0.32598501443862915,0.8339029550552368,1.5611306428909302,-0.7638152837753296,0.180797278881073,1.5224536657333374,-0.8365585207939148,0.862021267414093,1.6731783151626587,-0.9047687649726868,0.15640714764595032,1.6398907899856567,-0.9992954134941101,0.8247369527816772,1.6669189929962158,-1.0045870542526245,0.19712437689304352,1.6342029571533203,-1.1197566986083984,0.8014776110649109,1.6214076280593872,-0.8306978940963745,0.21793250739574432,1.588579773902893,-0.9079264402389526,0.6456804275512695,1.555837631225586,-0.029021356254816055,0.33552086353302,1.5493673086166382,0.03397740051150322,0.6085165739059448,2.230057954788208,-0.05699961259961128,0.31960970163345337,2.2106540203094482,-0.12710285186767578,0.5927247405052185,2.8360109329223633,0.6091024875640869,0.3157772421836853,2.816171407699585,0.36719784140586853,0.5962150692939758,2.932145833969116,0.6293843984603882,0.3143447935581207,2.9098751544952393,0.38778167963027954,0.5427769422531128,3.0151429176330566,-0.08997925370931625,0.3556722402572632,2.9935641288757324,-0.39613232016563416
38,0.4876120686531067,0.3965039849281311,-1.309973955154419,0.519727349281311,0.34346064925193787,-1.2305203676223755,0.538626492023468,0.3459860384464264,-1.2308552265167236,0.5531662702560425,0.3479562997817993,-1.230849027633667,0.45922723412513733,0.3425085246562958,-1.2365000247955322,0.4387553632259369,0.34189292788505554,-1.2360458374023438,0.4211873412132263,0.3432779610157013,-1.2366726398468018,0.5843314528465271,0.3929517865180969,-0.7381631731987,0.40424901247024536,0.3828197717666626,-0.7545071244239807,0.5310858488082886,0.47222089767456055,-1.1289454698562622,0.45258793234825134,0.4679063856601715,-1.1337029933929443,0.7269109487533569,0.7865365147590637,-0.3908282220363617,0.28404349088668823,0.7706208825111389,-0.47523656487464905,0.8253917694091797,1.222239375114441,-0.30233097076416016,0.1844036877155304,1.1798207759857178,-0.31933438777923584,0.8368396759033203,1.555071473121643,-0.7954906225204468,0.18312856554985046,1.522110104560852,-0.8425847887992859,0.863972544670105,1.6670697927474976,-0.9342927932739258,0.1601543128490448,1.6384527683258057,-1.0085657835006714,0.8259661793708801,1.6599953174591064,-1.027525782585144,0.20090201497077942,1.6303812265396118,-1.128744125366211,0.8030546307563782,1.614249587059021,-0.855357825756073,0.22130152583122253,1.585198163986206,-0.9139830470085144,0.6493803858757019,1.5557990074157715,-0.03460356220602989,0.33934617042541504,1.5495771169662476,0.03955415263772011,0.6150497794151306,2.230233669281006,-0.07167516648769379,0.3258676826953888,2.2102339267730713,-0.13245388865470886,0.6014417409896851,2.8359572887420654,0.5918835997581482,0.32323503494262695,2.8157994747161865,0.357125848531723,0.6054497957229614,2.9322152137756348,0.6101717948913574,0.32239800691604614,2.9099557399749756,0.37690871953964233,0.5515271425247192,3.014373779296875,-0.1254713386297226,0.3644024133682251,2.9924471378326416,-0.41288724541664124
39,0.4870900511741638,0.3962568938732147,-1.3222339153289795,0.5193650722503662,0.34348466992378235,-1.243515968322754,0.5383955240249634,0.3460071384906769,-1.2438777685165405,0.5529382228851318,0.3479394018650055,-1.2438669204711914,0.4588942527770996,0.342546671628952,-1.2481024265289307,0.43849819898605347,0.3419322669506073,-1.2476980686187744,0.4209575653076172,0.34334805607795715,-1.2483465671539307,0.5841825008392334,0.3929271399974823,-0.75254225730896,0.40420961380004883,0.38298848271369934,-0.7615588307380676,0.5309242010116577,0.4721596837043762,-1.141657829284668,0.45223933458328247,0.4677787125110626,-1.144420862197876,0.7286964058876038,0.7859498858451843,-0.4045371413230896,0.2843293845653534,0.7710967659950256,-0.47438764572143555,0.8280410766601562,1.2217261791229248,-0.3127257525920868,0.18482211232185364,1.1814805269241333,-0.3113672733306885,0.8404140472412109,1.5569149255752563,-0.814879298210144,0.1846906989812851,1.5221682786941528,-0.841368556022644,0.8681679964065552,1.6697314977645874,-0.9516488909721375,0.16256186366081238,1.638611912727356,-1.009810209274292,0.8298138380050659,1.6631497144699097,-1.0595155954360962,0.20320932567119598,1.6294740438461304,-1.1325021982192993,0.8066231608390808,1.6171621084213257,-0.8712714314460754,0.22338083386421204,1.5842671394348145,-0.9138714671134949,0.6536334156990051,1.5556514263153076,-0.039786726236343384,0.34320002794265747,1.55010187625885,0.044675372540950775,0.6230441331863403,2.2302663326263428,-0.07259436696767807,0.33307936787605286,2.2098050117492676,-0.13347426056861877,0.6110395193099976,2.8358845710754395,0.6071375012397766,0.33104172348976135,2.8153154850006104,0.37287595868110657,0.6153398752212524,2.9322996139526367,0.6270777583122253,0.33119305968284607,2.909761667251587,0.39464071393013,0.5607914328575134,3.013651132583618,-0.10795216262340546,0.37262269854545593,2.9914474487304688,-0.3952637314796448
40,0.4864725172519684,0.3958124816417694,-1.3181755542755127,0.5187805891036987,0.34346097707748413,-1.2400246858596802,0.5379679799079895,0.3459773063659668,-1.2403883934020996,0.5525640845298767,0.34784355759620667,-1.2403725385665894,0.4583463668823242,0.34256666898727417,-1.2442518472671509,0.4380558133125305,0.3419628441333771,-1.2438355684280396,0.4206241965293884,0.34338951110839844,-1.2444803714752197,0.5838975310325623,0.392811119556427,-0.7528336048126221,0.4041546881198883,0.38310617208480835,-0.7592397928237915,0.5307437181472778,0.47193875908851624,-1.1386549472808838,0.451860249042511,0.4675418734550476,-1.1408450603485107,0.7305296659469604,0.7853907942771912,-0.4108637869358063,0.28462591767311096,0.7716462016105652,-0.4718555510044098,0.8300617337226868,1.219164490699768,-0.3220994174480438,0.18521592020988464,1.1830992698669434,-0.29429131746292114,0.8426392674446106,1.5568678379058838,-0.8221205472946167,0.18435253202915192,1.5238038301467896,-0.8146246075630188,0.8704589009284973,1.6699398756027222,-0.9627440571784973,0.1612374186515808,1.641395092010498,-0.9804806709289551,0.8324775695800781,1.6639751195907593,-1.068138837814331,0.20158791542053223,1.6326403617858887,-1.1087723970413208,0.8090885281562805,1.618327021598816,-0.8820466995239258,0.2221735417842865,1.5872279405593872,-0.8886887431144714,0.657017171382904,1.5557407140731812,-0.04556208476424217,0.3458114564418793,1.5506460666656494,0.05034662410616875,0.6279681324958801,2.2303974628448486,-0.05707314610481262,0.3371577262878418,2.2098708152770996,-0.09695892781019211,0.6156850457191467,2.835841178894043,0.6454678177833557,0.3349511921405792,2.8151092529296875,0.4339473843574524,0.6200684309005737,2.932260751724243,0.6679307818412781,0.3357642889022827,2.909519672393799,0.45875048637390137,0.565128743648529,3.0133278369903564,-0.06121962144970894,0.3758247494697571,2.9912071228027344,-0.32384151220321655
41,0.4855957627296448,0.3951656222343445,-1.2994405031204224,0.5179650783538818,0.3433611989021301,-1.2227216958999634,0.5373113751411438,0.34586790204048157,-1.2231595516204834,0.5519656538963318,0.3477012515068054,-1.2231824398040771,0.4574752748012543,0.3425368666648865,-1.2243343591690063,0.4372492730617523,0.34196794033050537,-1.2238695621490479,0.4200004041194916,0.34342896938323975,-1.2245086431503296,0.583369255065918,0.39262428879737854,-0.7449294328689575,0.4038757383823395,0.38320884108543396,-0.7369670271873474,0.5303118824958801,0.47147324681282043,-1.1236498355865479,0.45126980543136597,0.46698275208473206,-1.121920108795166,0.7312828302383423,0.7836127877235413,-0.4109944701194763,0.2849067449569702,0.772528886795044,-0.45128434896469116,0.8355344533920288,1.2047474384307861,-0.3218049108982086,0.1886145919561386,1.1833667755126953,-0.27118414640426636,0.8509848713874817,1.5541424751281738,-0.7959065437316895,0.18401287496089935,1.5247162580490112,-0.7873393297195435,0.8796237707138062,1.6639374494552612,-0.9374397397041321,0.16066664457321167,1.6432883739471436,-0.953381359577179,0.8412997126579285,1.6575294733047485,-1.0433241128921509,0.20102277398109436,1.635773777961731,-1.0839183330535889,0.8176285624504089,1.6126062870025635,-0.8618615865707397,0.22170153260231018,1.5899627208709717,-0.8625341653823853,0.6601846218109131,1.5558128356933594,-0.04959980770945549,0.34878984093666077,1.551322340965271,0.05435044690966606,0.6361897587776184,2.230255365371704,-0.05186169221997261,0.3475556969642639,2.209958553314209,-0.08038105070590973,0.6288082003593445,2.834796905517578,0.66146320104599,0.3484792411327362,2.814793586730957,0.43768319487571716,0.633858323097229,2.9313321113586426,0.6845587491989136,0.3498412072658539,2.9091742038726807,0.4611043334007263,0.5796997547149658,3.0116004943847656,-0.04881875216960907,0.3900391459465027,2.9905221462249756,-0.31748318672180176
42,0.4848533272743225,0.3943796753883362,-1.2686940431594849,0.5172929763793945,0.34319382905960083,-1.1910218000411987,0.536761999130249,0.3456810414791107,-1.1914823055267334,0.5514723062515259,0.3474803566932678,-1.191499948501587,0.45672255754470825,0.3424849212169647,-1.1928179264068604,0.43655499815940857,0.34196963906288147,-1.1923534870147705,0.41944757103919983,0.3434752821922302,-1.1929956674575806,0.582922101020813,0.3924223780632019,-0.7140622735023499,0.4035419523715973,0.3833602964878082,-0.7074025273323059,0.5299180150032043,0.47082892060279846,-1.0941938161849976,0.4507500231266022,0.4662538766860962,-1.092585802078247,0.7314971685409546,0.7798517942428589,-0.38054102659225464,0.2854991555213928,0.7734838724136353,-0.431795597076416,0.8375436067581177,1.1949725151062012,-0.30476000905036926,0.19251973927021027,1.1834027767181396,-0.2673175632953644,0.8538568615913391,1.5497523546218872,-0.7788370251655579,0.18807026743888855,1.5252366065979004,-0.7861062288284302,0.8823868632316589,1.6582229137420654,-0.9220004081726074,0.16459247469902039,1.6442320346832275,-0.9516502618789673,0.8446261286735535,1.6522769927978516,-1.0269874334335327,0.20528221130371094,1.6372430324554443,-1.0803552865982056,0.8209242820739746,1.6077555418014526,-0.8462481498718262,0.22605764865875244,1.5913636684417725,-0.8602510690689087,0.6633739471435547,1.5552669763565063,-0.051380228251218796,0.35390451550483704,1.5517719984054565,0.056116074323654175,0.6418403387069702,2.229057550430298,-0.07259338349103928,0.35479915142059326,2.209904432296753,-0.09256063401699066,0.6368700861930847,2.832812547683716,0.5937274694442749,0.35889849066734314,2.8142917156219482,0.3917706310749054,0.6420676112174988,2.9294049739837646,0.6124705672264099,0.3604295253753662,2.908783435821533,0.41255515813827515,0.5894025564193726,3.007974863052368,-0.10824400186538696,0.4014832079410553,2.9888083934783936,-0.35611623525619507
43,0.48450517654418945,0.3937948942184448,-1.2583967447280884,0.5169917941093445,0.3430793881416321,-1.180546760559082,0.5365122556686401,0.3455671966075897,-1.1809946298599243,0.5512512922286987,0.3473583459854126,-1.181010127067566,0.456379234790802,0.3424580991268158,-1.183404564857483,0.4362439513206482,0.3419803977012634,-1.182957410812378,0.41919535398483276,0.3435854911804199,-1.1835908889770508,0.5827174782752991,0.3923630714416504,-0.7020688056945801,0.403313547372818,0.3836533725261688,-0.7000423073768616,0.5297166705131531,0.4704224169254303,-1.0831655263900757,0.45047569274902344,0.46582260727882385,-1.082994818687439,0.7319068908691406,0.7758990526199341,-0.36911630630493164,0.2859036922454834,0.7764747142791748,-0.4254334568977356,0.8375828862190247,1.1892166137695312,-0.29788824915885925,0.19501222670078278,1.1851571798324585,-0.2669272720813751,0.855052649974823,1.5469145774841309,-0.7694618701934814,0.19521507620811462,1.527748703956604,-0.7880001068115234,0.8839014172554016,1.6558048725128174,-0.9113774299621582,0.17277178168296814,1.6467372179031372,-0.9541766047477722,0.8471912145614624,1.6503294706344604,-1.0164862871170044,0.21431855857372284,1.6390048265457153,-1.0807149410247803,0.8233148455619812,1.6056408882141113,-0.8369460105895996,0.2346411496400833,1.5932210683822632,-0.8609223365783691,0.6679843664169312,1.5544016361236572,-0.05156716704368591,0.3604581952095032,1.5527819395065308,0.056300222873687744,0.6505532264709473,2.227586030960083,-0.08468403667211533,0.36497804522514343,2.2097489833831787,-0.10548371076583862,0.6522719860076904,2.8314030170440674,0.5694787502288818,0.3784133493900299,2.8136870861053467,0.3631066083908081,0.6582040190696716,2.9281022548675537,0.5876052975654602,0.3811279237270355,2.908167839050293,0.38307392597198486,0.6078435182571411,3.005366563796997,-0.13114537298679352,0.4241141676902771,2.9874348640441895,-0.38261646032333374
44,0.48414283990859985,0.39345023036003113,-1.2249906063079834,0.5166262984275818,0.3430439531803131,-1.1498607397079468,0.5362221002578735,0.345525324344635,-1.1502896547317505,0.5510565638542175,0.3473259210586548,-1.1503112316131592,0.4558109641075134,0.34245720505714417,-1.1509935855865479,0.4357718527317047,0.34202420711517334,-1.1505064964294434,0.41887956857681274,0.3437696695327759,-1.1511118412017822,0.5825187563896179,0.39234915375709534,-0.6809664964675903,0.4030887484550476,0.38393399119377136,-0.6698273420333862,0.5295118093490601,0.470180481672287,-1.0531944036483765,0.4500385820865631,0.46559372544288635,-1.050318956375122,0.7324774861335754,0.7732132077217102,-0.3582143187522888,0.2863958477973938,0.7785778641700745,-0.4026198387145996,0.8374457359313965,1.185702919960022,-0.28200575709342957,0.19777041673660278,1.1854404211044312,-0.23145194351673126,0.8556150197982788,1.5404963493347168,-0.7293335795402527,0.20037858188152313,1.5288221836090088,-0.7329250574111938,0.8846299052238464,1.6506919860839844,-0.8664393424987793,0.17770306766033173,1.6480153799057007,-0.893835186958313,0.8484217524528503,1.6464349031448364,-0.9698154330253601,0.22024086117744446,1.6400351524353027,-1.017316460609436,0.8246375918388367,1.6027467250823975,-0.7953938841819763,0.24070914089679718,1.594257116317749,-0.8041313886642456,0.672659158706665,1.5522880554199219,-0.05395781993865967,0.3651069402694702,1.5528241395950317,0.0585780031979084,0.6580170392990112,2.224665403366089,-0.0666930079460144,0.37070614099502563,2.209465503692627,-0.057488519698381424,0.6604318022727966,2.8272528648376465,0.6193418502807617,0.3870448172092438,2.810103416442871,0.44455114006996155,0.6666209101676941,2.923314332962036,0.6419710516929626,0.3908855617046356,2.9023325443267822,0.46946340799331665,0.6154272556304932,3.0012893676757812,-0.06938353180885315,0.4318341612815857,2.9849307537078857,-0.288186639547348
